,Year,Month,Day,Date,State,Magnitude,Damages,Starting Lat,Starting Long,Hour
0,2023,1,2,2023-01-02,AR,1,25000,33.2939,-92.7057,11
1,2023,1,2,2023-01-02,AR,1,5000000,34.694,-93.0673,14
2,2023,1,2,2023-01-02,LA,1,15000,31.7499,-93.4807,15
3,2023,1,2,2023-01-02,LA,0,10000,32.0582,-93.2735,15
5,2023,1,2,2023-01-02,LA,2,850000,32.172,-92.7048,16
6,2023,1,2,2023-01-02,OK,0,50000,36.346,-95.298,17
7,2023,1,2,2023-01-02,OK,1,100000,35.32,-95.474,17
8,2023,1,2,2023-01-02,LA,2,250000,32.784,-92.1695,18
9,2023,1,2,2023-01-02,OK,1,75000,36.706,-94.874,18
10,2023,1,2,2023-01-02,LA,1,10000,32.8681,-91.8982,18
11,2023,1,2,2023-01-02,LA,1,100000,32.9539,-91.8686,18
12,2023,1,2,2023-01-02,AR,2,705000,33.0416,-91.7697,18
14,2023,1,2,2023-01-02,LA,0,120000,32.9621,-91.4023,21
15,2023,1,2,2023-01-02,LA,0,100000,32.9621,-91.4023,21
16,2023,1,2,2023-01-02,AR,0,20000,33.006,-91.377,21
17,2023,1,3,2023-01-03,TN,0,35000,35.545,-89.287,2
18,2023,1,3,2023-01-03,KY,0,30000,36.837,-87.5283,4
19,2023,1,3,2023-01-03,MS,0,25000,34.9561,-89.7784,6
20,2023,1,3,2023-01-03,MS,1,75000,34.4851,-89.2079,9
21,2023,1,3,2023-01-03,AL,1,0,34.5382,-87.8899,10
22,2023,1,3,2023-01-03,AL,1,0,32.4151,-87.7827,11
23,2023,1,3,2023-01-03,AL,1,0,32.6835,-87.3491,12
24,2023,1,3,2023-01-03,AL,0,0,32.8493,-87.0548,12
25,2023,1,3,2023-01-03,AL,0,0,32.5609,-86.5972,13
26,2023,1,3,2023-01-03,AL,1,0,32.988,-86.5264,13
27,2023,1,3,2023-01-03,AL,2,0,32.6239,-86.4098,13
28,2023,1,3,2023-01-03,AL,0,0,33.235,-86.0693,14
29,2023,1,3,2023-01-03,AL,0,0,33.3464,-85.6469,15
30,2023,1,3,2023-01-03,AL,0,0,33.0648,-85.4433,15
33,2023,1,3,2023-01-03,IL,0,0,40.0109,-89.0144,16
34,2023,1,3,2023-01-03,IL,1,0,40.0373,-88.9714,16
35,2023,1,3,2023-01-03,GA,0,0,33.3844,-84.7192,16
37,2023,1,3,2023-01-03,GA,0,0,33.6834,-84.14,17
38,2023,1,3,2023-01-03,IL,1,0,40.32,-88.481,17
39,2023,1,3,2023-01-03,IL,1,0,40.422,-88.367,17
40,2023,1,3,2023-01-03,IL,1,0,39.8643,-88.9289,18
41,2023,1,3,2023-01-03,IL,0,0,39.8822,-88.8946,18
42,2023,1,3,2023-01-03,MS,1,50000,31.7617,-89.1008,22
43,2023,1,4,2023-01-04,AL,1,0,32.8837,-85.9362,2
44,2023,1,4,2023-01-04,AL,1,0,32.3467,-86.1964,3
45,2023,1,4,2023-01-04,AL,0,0,32.384,-85.9258,3
46,2023,1,4,2023-01-04,GA,1,0,33.4071,-85.1896,4
47,2023,1,4,2023-01-04,AL,0,0,32.4249,-85.4533,4
48,2023,1,4,2023-01-04,GA,1,0,32.997,-82.845,7
49,2023,1,4,2023-01-04,GA,0,0,33.087,-82.491,8
50,2023,1,4,2023-01-04,SC,0,0,33.6098,-81.3907,9
51,2023,1,4,2023-01-04,SC,0,0,33.8859,-81.3356,9
52,2023,1,4,2023-01-04,SC,1,0,33.6653,-81.1892,9
53,2023,1,4,2023-01-04,SC,0,0,33.8849,-81.2369,9
54,2023,1,4,2023-01-04,SC,0,0,33.7079,-80.9301,10
55,2023,1,4,2023-01-04,GA,0,0,30.812,-82.6477,11
56,2023,1,4,2023-01-04,GA,1,0,31.4074,-82.2806,12
57,2023,1,4,2023-01-04,GA,0,0,30.9851,-81.9586,12
58,2023,1,4,2023-01-04,VA,0,50000,36.59,-77.32,13
59,2023,1,4,2023-01-04,NC,1,0,35.4378,-76.7974,13
60,2023,1,10,2023-01-10,CA,1,0,38.0834,-120.7581,6
61,2023,1,12,2023-01-12,KY,1,65000,37.18,-88.99,2
62,2023,1,12,2023-01-12,KY,1,50000,37.18,-88.99,2
63,2023,1,12,2023-01-12,IL,0,15000,37.23,-88.89,2
64,2023,1,12,2023-01-12,MS,1,75000,33.7182,-88.6716,6
65,2023,1,12,2023-01-12,KY,1,0,38.3529,-85.1327,7
66,2023,1,12,2023-01-12,KY,1,0,37.77,-84.91,8
67,2023,1,12,2023-01-12,AL,2,0,34.1658,-87.5864,8
68,2023,1,12,2023-01-12,AL,1,0,34.4494,-87.3637,8
69,2023,1,12,2023-01-12,KY,1,0,37.6878,-84.7367,8
70,2023,1,12,2023-01-12,KY,0,150000,38.6581,-84.5797,8
71,2023,1,12,2023-01-12,KY,1,0,37.7719,-84.2458,8
72,2023,1,12,2023-01-12,AL,2,0,32.7288,-88.3463,9
73,2023,1,12,2023-01-12,AL,2,0,32.842,-87.9158,9
74,2023,1,12,2023-01-12,AL,0,0,0.0,0.0,9
75,2023,1,12,2023-01-12,AL,2,0,32.6221,-87.7543,10
76,2023,1,12,2023-01-12,TN,0,0,35.4993,-84.8038,10
77,2023,1,12,2023-01-12,AL,1,0,32.8027,-87.2421,11
78,2023,1,12,2023-01-12,AL,2,0,32.3173,-87.2278,12
79,2023,1,12,2023-01-12,TN,0,0,35.9767,-83.509,12
80,2023,1,12,2023-01-12,AL,2,0,31.0196,-88.203,12
81,2023,1,12,2023-01-12,TN,0,0,36.0514,-83.2732,12
82,2023,1,12,2023-01-12,AL,3,0,32.5212,-86.7312,12
83,2023,1,12,2023-01-12,AL,0,0,0.0,0.0,12
84,2023,1,12,2023-01-12,AL,0,0,31.3616,-86.9346,13
85,2023,1,12,2023-01-12,AL,2,0,32.987,-85.413,14
86,2023,1,12,2023-01-12,AL,2,0,32.987,-85.413,14
87,2023,1,12,2023-01-12,GA,2,0,33.0736,-85.2254,14
89,2023,1,12,2023-01-12,GA,1,0,33.783,-84.607,14
90,2023,1,12,2023-01-12,GA,2,0,32.9927,-85.0735,14
91,2023,1,12,2023-01-12,GA,2,0,33.0506,-84.8449,14
92,2023,1,12,2023-01-12,AL,1,0,31.505,-86.2428,14
93,2023,1,12,2023-01-12,GA,3,0,33.1654,-84.4785,15
94,2023,1,12,2023-01-12,GA,2,0,33.1959,-84.4845,15
95,2023,1,12,2023-01-12,GA,1,0,33.3632,-82.8028,15
96,2023,1,12,2023-01-12,GA,1,0,33.2147,-84.4352,15
97,2023,1,12,2023-01-12,GA,1,0,33.1958,-84.4144,15
98,2023,1,12,2023-01-12,AL,1,0,31.625,-85.673,15
99,2023,1,12,2023-01-12,GA,2,0,33.2252,-84.2021,15
100,2023,1,12,2023-01-12,GA,1,0,33.243,-84.114,15
101,2023,1,12,2023-01-12,AL,0,0,34.7083,-85.8125,15
102,2023,1,12,2023-01-12,AL,1,50000,31.6778,-85.3872,15
103,2023,1,12,2023-01-12,GA,1,0,33.3649,-83.9775,15
104,2023,1,12,2023-01-12,SC,1,0,34.412,-81.815,16
105,2023,1,12,2023-01-12,NC,0,0,35.342,-81.14,17
106,2023,1,12,2023-01-12,SC,1,200000,34.247,-82.186,17
107,2023,1,12,2023-01-12,GA,1,0,32.066,-83.381,18
108,2023,1,12,2023-01-12,GA,0,0,32.086,-83.392,18
109,2023,1,14,2023-01-14,CA,0,25000,38.32,-121.14,16
110,2023,1,16,2023-01-16,IA,1,0,41.67,-91.99,14
112,2023,1,18,2023-01-18,AR,1,35000,33.3164,-93.3557,10
113,2023,1,18,2023-01-18,AR,1,130000,33.1034,-92.8093,12
114,2023,1,22,2023-01-22,FL,2,250000,30.4116,-86.3182,5
115,2023,1,22,2023-01-22,FL,1,100000,30.2939,-84.2843,11
116,2023,1,22,2023-01-22,GA,2,500000,31.1474,-83.444,16
117,2023,1,22,2023-01-22,GA,1,0,31.4166,-82.7684,17
118,2023,1,22,2023-01-22,GA,1,0,31.5711,-82.4294,17
119,2023,1,24,2023-01-24,TX,0,0,29.39,-95.74,13
120,2023,1,24,2023-01-24,TX,0,0,29.5457,-95.3372,14
121,2023,1,24,2023-01-24,TX,3,6600000,29.5958,-95.2483,14
122,2023,1,24,2023-01-24,TX,0,0,29.83,-94.77,14
123,2023,1,24,2023-01-24,TX,2,150000,30.0007,-94.4702,15
124,2023,1,24,2023-01-24,TX,1,15000,29.833,-94.1996,16
125,2023,1,24,2023-01-24,TX,1,25000,30.032,-93.9084,16
126,2023,1,24,2023-01-24,TX,2,1250000,30.0741,-93.8921,16
127,2023,1,24,2023-01-24,TX,2,1000000,30.0741,-93.8921,16
128,2023,1,24,2023-01-24,LA,2,250000,30.1797,-93.7106,16
129,2023,1,24,2023-01-24,LA,1,15000,30.2248,-93.6475,16
130,2023,1,24,2023-01-24,LA,2,505000,30.3578,-93.3634,17
131,2023,1,24,2023-01-24,LA,1,20000,30.4612,-93.2406,17
132,2023,1,24,2023-01-24,LA,1,113000,30.69,-91.42,19
133,2023,1,24,2023-01-24,LA,1,60000,29.6677,-90.7027,22
135,2023,1,25,2023-01-25,FL,0,0,30.35,-86.15,5
136,2023,1,25,2023-01-25,FL,0,0,30.3557,-86.0433,5
137,2023,1,25,2023-01-25,FL,0,0,30.43,-86.05,5
138,2023,1,25,2023-01-25,FL,0,10000,30.2885,-85.0355,7
139,2023,1,25,2023-01-25,FL,1,0,30.3172,-84.3812,9
140,2023,2,8,2023-02-08,LA,2,150000,30.8398,-90.5326,17
141,2023,2,8,2023-02-08,LA,2,200000,30.6625,-92.1568,18
142,2023,2,8,2023-02-08,LA,1,100000,30.8187,-92.0218,19
143,2023,2,8,2023-02-08,MS,0,10000,31.2862,-90.1128,19
144,2023,2,8,2023-02-08,MS,0,30000,31.3506,-90.0792,19
145,2023,2,8,2023-02-08,MS,1,40000,31.3926,-90.0633,19
146,2023,2,8,2023-02-08,MS,1,40000,31.9779,-89.9492,20
147,2023,2,8,2023-02-08,MS,0,75000,31.7806,-89.8657,20
148,2023,2,9,2023-02-09,FL,1,5000,30.6566,-86.0573,20
149,2023,2,16,2023-02-16,AR,1,200000,35.7864,-93.4669,1
150,2023,2,16,2023-02-16,AR,2,300000,36.0425,-92.9051,1
151,2023,2,16,2023-02-16,AR,1,10000,35.8649,-92.7179,2
152,2023,2,16,2023-02-16,MS,1,100000,31.6756,-90.3063,11
153,2023,2,16,2023-02-16,MS,1,140000,31.8363,-89.5982,13
154,2023,2,16,2023-02-16,MS,2,500000,34.7259,-89.0426,13
155,2023,2,16,2023-02-16,TN,1,150000,35.0939,-88.6307,13
156,2023,2,16,2023-02-16,MS,0,40000,31.4664,-89.7565,14
157,2023,2,16,2023-02-16,TN,0,25000,35.2491,-87.4872,15
158,2023,2,16,2023-02-16,MS,1,25000,34.0608,-88.4525,15
159,2023,2,16,2023-02-16,TN,0,25000,35.34,-87.29,15
160,2023,2,16,2023-02-16,TN,1,50000,35.5158,-86.7595,16
161,2023,2,17,2023-02-17,GA,1,0,33.0252,-85.0644,3
162,2023,2,21,2023-02-21,NJ,2,0,40.2785,-74.7028,14
163,2023,2,23,2023-02-23,CA,0,0,33.91,-117.98,13
164,2023,2,26,2023-02-26,KS,0,0,37.03,-100.93,16
165,2023,2,26,2023-02-26,TX,0,0,35.2457,-100.3964,18
166,2023,2,26,2023-02-26,TX,1,0,35.3868,-100.1214,18
168,2023,2,26,2023-02-26,OK,1,75000,35.15,-99.918,19
169,2023,2,26,2023-02-26,OK,2,250000,35.609,-99.7,19
170,2023,2,26,2023-02-26,OK,1,50000,34.937,-99.682,19
171,2023,2,26,2023-02-26,OK,1,100000,34.987,-99.202,19
172,2023,2,26,2023-02-26,OK,0,10000,36.94,-98.306,20
173,2023,2,26,2023-02-26,OK,0,30000,35.163,-98.284,20
174,2023,2,26,2023-02-26,OK,0,10000,35.276,-98.013,20
175,2023,2,26,2023-02-26,OK,1,255000,35.284,-97.867,20
176,2023,2,26,2023-02-26,OK,1,100000,35.424,-97.66,21
177,2023,2,26,2023-02-26,OK,2,50200000,35.123,-97.55,21
178,2023,2,26,2023-02-26,OK,1,105000,35.376,-97.146,21
179,2023,2,26,2023-02-26,OK,2,255000,35.39,-96.922,21
180,2023,2,27,2023-02-27,MO,1,550000,36.8,-94.42,1
181,2023,2,27,2023-02-27,MO,0,50000,37.372,-94.045,1
182,2023,2,27,2023-02-27,MO,0,0,37.56,-93.69,1
183,2023,2,27,2023-02-27,IL,0,0,40.0975,-88.3564,8
186,2023,2,27,2023-02-27,IL,0,0,41.5501,-88.2636,9
187,2023,2,27,2023-02-27,IL,0,0,41.7839,-88.1619,9
188,2023,2,27,2023-02-27,IN,1,200000,39.8656,-85.9115,12
189,2023,2,27,2023-02-27,IN,1,50000,39.9423,-85.7692,12
190,2023,2,27,2023-02-27,OH,1,500000,39.5381,-84.5036,13
191,2023,2,27,2023-02-27,OH,0,30000,40.9171,-84.7159,14
192,2023,2,27,2023-02-27,OH,1,250000,40.0091,-84.004,14
194,2023,2,27,2023-02-27,OH,0,150000,39.7889,-83.1773,15
195,2023,2,27,2023-02-27,OH,0,10000,39.9491,-82.6492,15
196,2023,3,1,2023-03-01,AL,1,0,34.2608,-88.1254,21
197,2023,3,1,2023-03-01,AL,1,0,34.9504,-86.5074,22
198,2023,3,2,2023-03-02,TN,0,0,35.288,-84.9925,5
199,2023,3,2,2023-03-02,TN,0,0,35.1014,-85.4777,6
200,2023,3,2,2023-03-02,TX,1,0,32.9816,-95.4209,16
201,2023,3,2,2023-03-02,TX,0,0,33.2837,-95.2662,17
202,2023,3,2,2023-03-02,TX,1,25000,32.7662,-94.4203,17
203,2023,3,2,2023-03-02,TX,1,25000,32.9747,-94.1211,17
204,2023,3,2,2023-03-02,LA,1,50000000,32.3627,-93.7087,17
205,2023,3,2,2023-03-02,AR,1,25000,33.2277,-93.9945,17
206,2023,3,2,2023-03-02,OK,1,10000,34.0342,-94.8123,21
207,2023,3,2,2023-03-02,AR,2,0,34.2542,-93.6426,22
208,2023,3,2,2023-03-02,TX,1,0,31.7226,-94.6396,22
209,2023,3,3,2023-03-03,LA,0,10000,32.4124,-93.2224,0
210,2023,3,3,2023-03-03,AR,0,0,34.0892,-92.6149,0
211,2023,3,3,2023-03-03,AR,0,0,34.3046,-91.7699,1
212,2023,3,3,2023-03-03,MS,1,75000,34.3987,-88.3913,9
213,2023,3,3,2023-03-03,KY,2,1300000,36.95,-88.61,11
214,2023,3,3,2023-03-03,KY,1,115000,37.52,-87.96,12
215,2023,3,3,2023-03-03,KY,1,50000,37.66,-88.11,12
216,2023,3,3,2023-03-03,KY,0,5000,37.69,-88.06,12
217,2023,3,3,2023-03-03,KY,1,20000,37.77,-87.78,12
218,2023,3,3,2023-03-03,IN,1,150000,38.03,-87.65,12
219,2023,3,3,2023-03-03,AL,1,0,34.5891,-85.9949,12
220,2023,3,3,2023-03-03,IN,0,25000,38.12,-87.58,12
221,2023,3,3,2023-03-03,AL,1,0,34.6785,-85.8392,12
222,2023,3,3,2023-03-03,IN,1,50000,38.17,-86.97,13
223,2023,3,3,2023-03-03,IN,1,0,38.329,-87.027,13
224,2023,3,3,2023-03-03,GA,1,0,34.4595,-84.8336,14
225,2023,3,3,2023-03-03,IN,1,0,38.703,-85.557,14
226,2023,3,3,2023-03-03,OH,0,100000,38.959,-84.128,16
227,2023,3,3,2023-03-03,OH,1,1000000,39.1159,-83.8178,16
228,2023,3,3,2023-03-03,OH,0,100000,39.2751,-83.7166,16
229,2023,3,3,2023-03-03,OH,0,15000,39.4107,-83.2021,17
230,2023,3,3,2023-03-03,SC,1,50000,34.589,-82.226,18
231,2023,3,11,2023-03-11,CA,1,20000,37.93,-120.53,16
232,2023,3,12,2023-03-12,AL,0,0,32.907,-85.911,7
233,2023,3,16,2023-03-16,PR,0,40000,18.1734,-65.8775,13
234,2023,3,16,2023-03-16,OK,0,0,34.5613,-97.67,13
235,2023,3,16,2023-03-16,TX,1,0,32.8066,-97.0338,15
236,2023,3,16,2023-03-16,TX,1,0,32.8375,-96.9593,15
237,2023,3,16,2023-03-16,TX,1,0,32.1319,-96.495,18
238,2023,3,17,2023-03-17,FL,0,0,30.34,-86.14,18
239,2023,3,17,2023-03-17,FL,0,0,30.36,-85.83,18
240,2023,3,21,2023-03-21,CA,0,0,34.4167,-119.5389,18
241,2023,3,22,2023-03-22,CA,1,0,33.997,-118.1238,12
242,2023,3,24,2023-03-24,TX,1,0,32.9467,-98.0363,3
243,2023,3,24,2023-03-24,TX,1,0,32.9597,-97.91,3
244,2023,3,24,2023-03-24,MS,4,96430000,32.84,-91.0,18
245,2023,3,24,2023-03-24,TN,1,140000,35.4248,-89.1976,19
246,2023,3,24,2023-03-24,MS,1,75000,34.1625,-90.0458,19
247,2023,3,24,2023-03-24,MS,1,140000,34.2381,-89.8482,19
248,2023,3,24,2023-03-24,MS,1,80000,34.3219,-89.7309,19
249,2023,3,24,2023-03-24,MS,3,9940000,33.31,-90.04,20
250,2023,3,24,2023-03-24,MS,1,55000,34.4721,-88.8706,20
251,2023,3,24,2023-03-24,MS,1,300000,34.4021,-88.7862,20
252,2023,3,24,2023-03-24,MS,3,80045000,33.8527,-88.7576,21
253,2023,3,24,2023-03-24,AL,2,3900000,34.8086,-87.6553,21
254,2023,3,24,2023-03-24,AL,1,0,34.9685,-87.2904,22
255,2023,3,24,2023-03-24,AL,1,0,34.278,-87.766,22
256,2023,3,24,2023-03-24,TN,2,0,35.1454,-86.5794,22
257,2023,3,24,2023-03-24,AL,1,0,34.34,-87.473,23
258,2023,3,24,2023-03-24,AL,2,0,34.4016,-87.1348,23
259,2023,3,24,2023-03-24,TN,1,0,35.2258,-86.1708,23
260,2023,3,24,2023-03-24,AL,2,0,34.367,-86.8713,23
261,2023,3,24,2023-03-24,AL,1,0,34.4758,-86.6003,23
262,2023,3,25,2023-03-25,AL,1,5500000,34.7856,-85.7393,0
263,2023,3,25,2023-03-25,AL,0,100000,31.2144,-85.2388,8
264,2023,3,25,2023-03-25,GA,0,0,32.341,-83.0395,14
265,2023,3,26,2023-03-26,GA,3,0,32.8984,-85.1856,4
266,2023,3,26,2023-03-26,GA,1,0,33.0864,-83.2502,5
267,2023,3,26,2023-03-26,AL,1,0,31.8318,-87.7742,17
268,2023,3,26,2023-03-26,AL,1,0,31.9415,-87.218,19
269,2023,3,26,2023-03-26,AL,1,0,31.951,-87.2119,19
270,2023,3,26,2023-03-26,AL,1,0,31.9508,-87.208,19
271,2023,3,26,2023-03-26,AL,2,0,32.182,-87.595,19
272,2023,3,26,2023-03-26,AL,0,0,32.448,-86.492,20
273,2023,3,26,2023-03-26,AL,1,0,32.711,-85.969,21
274,2023,3,27,2023-03-27,AL,2,0,32.4103,-86.008,1
275,2023,3,27,2023-03-27,GA,1,0,32.9637,-84.7778,5
276,2023,3,27,2023-03-27,GA,0,0,32.8794,-83.4227,6
277,2023,3,31,2023-03-31,AR,3,90000000,34.7251,-92.4824,13
279,2023,3,31,2023-03-31,IL,1,0,40.63,-89.35,14
281,2023,3,31,2023-03-31,IA,3,2000000,41.0615,-92.3334,14
282,2023,3,31,2023-03-31,AR,1,0,34.9457,-91.6692,14
285,2023,3,31,2023-03-31,IA,4,0,41.31,-92.03,15
286,2023,3,31,2023-03-31,IA,1,50000,42.4931,-92.9753,15
287,2023,3,31,2023-03-31,IA,1,50000,42.4742,-92.9402,15
288,2023,3,31,2023-03-31,AR,3,150570000,35.1818,-90.9611,15
289,2023,3,31,2023-03-31,AR,3,150290000,35.1818,-90.9611,15
290,2023,3,31,2023-03-31,TN,3,280000,35.3768,-90.1708,16
291,2023,3,31,2023-03-31,IA,2,0,42.18,-92.09,15
292,2023,3,31,2023-03-31,IA,0,0,41.53,-91.79,15
293,2023,3,31,2023-03-31,IA,2,0,41.63,-91.69,15
294,2023,3,31,2023-03-31,IA,2,0,42.26,-91.93,15
295,2023,3,31,2023-03-31,AR,2,0,35.8855,-92.3665,15
297,2023,3,31,2023-03-31,IA,2,0,41.54,-91.56,15
299,2023,3,31,2023-03-31,IA,2,0,41.81,-91.51,16
300,2023,3,31,2023-03-31,IA,1,0,41.64,-91.36,16
301,2023,3,31,2023-03-31,IA,2,0,41.76,-91.17,16
303,2023,3,31,2023-03-31,IA,1,0,41.71,-91.21,16
304,2023,3,31,2023-03-31,IA,2,0,41.62,-91.14,16
305,2023,3,31,2023-03-31,IA,1,0,42.442,-91.499,16
307,2023,3,31,2023-03-31,IA,1,0,42.525,-91.372,16
308,2023,3,31,2023-03-31,IL,0,0,39.81,-90.23,16
309,2023,3,31,2023-03-31,IA,1,0,42.0541,-91.0072,16
310,2023,3,31,2023-03-31,IA,2,0,41.0011,-91.1708,16
311,2023,3,31,2023-03-31,TN,3,80050000,35.4621,-89.8323,16
312,2023,3,31,2023-03-31,IA,2,0,41.81,-90.65,16
313,2023,3,31,2023-03-31,IA,1,0,42.12,-90.72,16
314,2023,3,31,2023-03-31,IA,0,0,42.192,-90.605,17
315,2023,3,31,2023-03-31,IL,2,0,39.896,-89.6206,17
316,2023,3,31,2023-03-31,IA,1,0,42.2422,-90.4267,17
317,2023,3,31,2023-03-31,IA,1,0,42.2422,-90.4267,17
319,2023,3,31,2023-03-31,IL,2,0,39.8448,-89.5223,17
320,2023,3,31,2023-03-31,IL,2,0,41.42,-90.23,17
321,2023,3,31,2023-03-31,IL,2,0,41.475,-90.0584,17
322,2023,3,31,2023-03-31,IL,2,0,41.46,-90.0,17
323,2023,3,31,2023-03-31,IL,2,0,41.23,-90.02,17
324,2023,3,31,2023-03-31,IL,1,0,42.0489,-89.9733,17
325,2023,3,31,2023-03-31,IL,0,25000,39.391,-89.715,17
326,2023,3,31,2023-03-31,WI,1,300000,42.8525,-90.4002,17
327,2023,3,31,2023-03-31,IL,1,0,41.55,-89.77,17
328,2023,3,31,2023-03-31,WI,1,1000000,42.729,-90.4183,17
329,2023,3,31,2023-03-31,IL,1,0,42.08,-89.75,17
330,2023,3,31,2023-03-31,WI,1,600000,42.7964,-90.3195,17
332,2023,3,31,2023-03-31,IL,0,0,39.4804,-89.4917,18
333,2023,3,31,2023-03-31,IL,2,0,41.6508,-89.3128,18
334,2023,3,31,2023-03-31,IL,1,0,39.5,-89.31,18
335,2023,3,31,2023-03-31,IL,1,0,41.6381,-89.2287,18
336,2023,3,31,2023-03-31,WI,0,400000,42.5229,-89.5279,18
337,2023,3,31,2023-03-31,WI,1,600000,42.5376,-89.4888,18
338,2023,3,31,2023-03-31,IL,1,0,42.0723,-89.1478,18
339,2023,3,31,2023-03-31,WI,0,400000,42.6368,-89.4121,18
340,2023,3,31,2023-03-31,IL,1,0,42.258,-89.0796,18
341,2023,3,31,2023-03-31,MS,2,2300000,34.7066,-90.3381,18
342,2023,3,31,2023-03-31,IL,1,0,42.3239,-89.1053,18
343,2023,3,31,2023-03-31,IL,1,0,40.2804,-88.2907,18
344,2023,3,31,2023-03-31,IL,1,100000,42.3489,-88.9027,18
345,2023,3,31,2023-03-31,IL,1,0,42.3489,-88.9027,18
346,2023,3,31,2023-03-31,WI,1,100000,42.4932,-88.7232,18
347,2023,3,31,2023-03-31,WI,0,600000,42.5141,-89.0258,18
348,2023,3,31,2023-03-31,WI,1,100000,42.8744,-89.1682,18
349,2023,3,31,2023-03-31,IL,0,0,41.7124,-88.3913,18
350,2023,3,31,2023-03-31,IL,1,0,40.405,-87.9245,18
351,2023,3,31,2023-03-31,IL,0,0,41.8414,-88.3321,19
352,2023,3,31,2023-03-31,WI,0,400000,42.4942,-88.6972,19
353,2023,3,31,2023-03-31,IL,0,0,41.9149,-88.3339,19
354,2023,3,31,2023-03-31,IL,0,0,41.5395,-88.2935,19
355,2023,3,31,2023-03-31,IL,0,0,41.6366,-88.2351,19
356,2023,3,31,2023-03-31,WI,0,100000,42.4965,-88.5681,19
357,2023,3,31,2023-03-31,WI,0,100000,42.995,-89.0033,19
358,2023,3,31,2023-03-31,WI,0,50000,42.6814,-88.7495,19
359,2023,3,31,2023-03-31,WI,0,100000,42.6049,-88.5176,19
360,2023,3,31,2023-03-31,IL,1,2000000,38.6021,-88.998,19
361,2023,3,31,2023-03-31,IL,1,0,41.9072,-88.0178,19
362,2023,3,31,2023-03-31,IL,1,0,40.572,-87.6122,19
363,2023,3,31,2023-03-31,WI,1,300000,42.8588,-88.5748,19
364,2023,3,31,2023-03-31,MS,1,100000,34.9168,-89.5176,19
365,2023,3,31,2023-03-31,IN,2,0,40.578,-87.3237,19
366,2023,3,31,2023-03-31,IN,2,0,40.533,-87.283,19
367,2023,3,31,2023-03-31,IN,1,0,40.7125,-87.2775,19
368,2023,3,31,2023-03-31,IN,1,0,41.4779,-87.3562,19
369,2023,3,31,2023-03-31,IN,0,0,40.7151,-86.8893,19
370,2023,3,31,2023-03-31,TN,2,250000,35.0767,-89.1092,19
371,2023,3,31,2023-03-31,IL,3,18160000,38.9018,-88.0604,19
372,2023,3,31,2023-03-31,IL,3,0,38.9018,-88.0604,19
373,2023,3,31,2023-03-31,IN,3,18160000,39.0313,-87.5708,20
374,2023,3,31,2023-03-31,IN,0,0,41.4853,-87.1956,20
375,2023,3,31,2023-03-31,IN,1,0,40.815,-86.5572,20
376,2023,3,31,2023-03-31,TN,2,500000,35.2128,-88.6067,20
377,2023,3,31,2023-03-31,IN,0,130000,40.1378,-86.6963,20
378,2023,3,31,2023-03-31,IN,2,875000,40.154,-86.7171,20
379,2023,3,31,2023-03-31,IN,3,2632000,39.2978,-86.7282,21
380,2023,3,31,2023-03-31,TN,0,30000,36.0098,-88.5391,21
381,2023,3,31,2023-03-31,IN,0,150000,40.3967,-86.2742,21
382,2023,3,31,2023-03-31,IN,2,7520000,39.3865,-86.4618,21
383,2023,3,31,2023-03-31,IN,0,150000,40.4254,-86.1946,21
384,2023,3,31,2023-03-31,IN,1,900000,40.4207,-86.0199,21
385,2023,3,31,2023-03-31,IN,0,800000,39.4955,-86.1738,21
386,2023,3,31,2023-03-31,TN,0,15000,36.0984,-88.1905,21
387,2023,3,31,2023-03-31,IN,2,0,40.5062,-85.8434,21
388,2023,3,31,2023-03-31,IN,3,6670000,39.5363,-86.1042,21
389,2023,3,31,2023-03-31,IN,2,0,41.109,-85.0286,21
390,2023,3,31,2023-03-31,IN,3,0,40.4811,-85.5929,21
391,2023,3,31,2023-03-31,IN,0,0,41.1961,-84.9,21
392,2023,3,31,2023-03-31,OH,0,30000,41.2016,-84.6876,21
393,2023,3,31,2023-03-31,TN,3,25475000,35.1559,-88.8175,22
394,2023,3,31,2023-03-31,TN,0,0,0.0,0.0,22
395,2023,3,31,2023-03-31,IN,0,0,40.3931,-84.8827,22
396,2023,3,31,2023-03-31,IN,0,0,40.4677,-84.9436,22
397,2023,3,31,2023-03-31,KY,1,0,38.2696,-85.4967,22
398,2023,3,31,2023-03-31,OH,0,100000,40.3652,-84.5002,22
399,2023,3,31,2023-03-31,OH,0,100000,40.5952,-84.4442,22
400,2023,3,31,2023-03-31,OH,0,200000,39.8617,-84.7751,22
401,2023,3,31,2023-03-31,OH,1,3000000,40.5345,-84.2253,22
402,2023,3,31,2023-03-31,OH,1,500000,40.5956,-84.0702,23
403,2023,3,31,2023-03-31,OH,0,200000,40.0241,-84.4078,23
404,2023,3,31,2023-03-31,OH,0,0,40.7593,-83.9851,23
405,2023,3,31,2023-03-31,OH,0,50000,40.0704,-84.3905,23
406,2023,3,31,2023-03-31,OH,0,50000,39.9486,-84.4491,23
407,2023,3,31,2023-03-31,OH,0,20000,40.6594,-84.0036,23
408,2023,3,31,2023-03-31,OH,0,10000,40.6579,-83.9895,23
409,2023,3,31,2023-03-31,MS,2,1015000,34.463,-88.8316,23
410,2023,3,31,2023-03-31,OH,0,70000,40.9597,-83.0709,23
411,2023,3,31,2023-03-31,MS,2,3000000,34.189,-89.223,23
412,2023,3,31,2023-03-31,TN,1,550000,36.4204,-86.0464,23
413,2023,4,1,2023-04-01,MS,2,0,34.484,-88.603,0
414,2023,4,1,2023-04-01,MS,2,0,34.208,-89.121,0
415,2023,4,1,2023-04-01,TN,1,2250000,35.6642,-86.753,0
416,2023,4,1,2023-04-01,MS,1,105000000,34.2327,-88.7226,0
417,2023,4,1,2023-04-01,MS,0,50000,34.4851,-88.1953,0
418,2023,4,1,2023-04-01,TN,2,3250000,35.7554,-86.3814,0
419,2023,4,1,2023-04-01,AL,1,0,34.238,-87.851,1
420,2023,4,1,2023-04-01,AL,3,0,34.9746,-86.5738,2
421,2023,4,1,2023-04-01,AL,3,0,34.9746,-86.5738,2
422,2023,4,1,2023-04-01,TN,3,0,34.991,-86.497,2
423,2023,4,1,2023-04-01,TN,1,0,36.243,-84.68,2
424,2023,4,1,2023-04-01,AL,0,0,34.181,-86.149,3
425,2023,4,1,2023-04-01,GA,0,0,34.1245,-84.5357,5
426,2023,4,1,2023-04-01,MI,0,25000,41.946,-83.711,9
427,2023,4,1,2023-04-01,DE,3,0,38.757,-75.6398,15
428,2023,4,1,2023-04-01,MD,1,1000000,39.7,-76.01,16
429,2023,4,1,2023-04-01,PA,1,0,40.2486,-74.9914,16
430,2023,4,1,2023-04-01,NJ,1,0,40.0065,-75.0006,16
431,2023,4,1,2023-04-01,NJ,1,0,40.1503,-74.6337,17
432,2023,4,1,2023-04-01,NJ,0,0,0.0,0.0,17
433,2023,4,1,2023-04-01,NJ,1,0,40.1541,-74.5715,17
434,2023,4,1,2023-04-01,NJ,2,0,40.1555,-74.3937,17
435,2023,4,1,2023-04-01,NJ,2,0,40.1543,-74.2735,17
436,2023,4,1,2023-04-01,NJ,1,0,39.4738,-74.8579,17
437,2023,4,1,2023-04-01,NJ,2,0,40.1223,-74.0398,17
439,2023,4,2,2023-04-02,TX,0,0,31.3458,-96.6184,16
441,2023,4,2,2023-04-02,TX,0,0,31.3981,-96.3595,17
442,2023,4,3,2023-04-03,MS,1,20000,31.9177,-89.8915,3
443,2023,4,3,2023-04-03,MS,1,20000,31.8063,-89.146,4
444,2023,4,3,2023-04-03,AL,0,25000,31.3592,-85.8293,9
445,2023,4,3,2023-04-03,AL,1,5000,31.248,-85.4516,10
446,2023,4,3,2023-04-03,GA,1,0,30.8719,-84.5112,11
447,2023,4,3,2023-04-03,GA,1,25000,30.8838,-84.4398,11
448,2023,4,4,2023-04-04,IL,1,0,41.44,-90.66,8
449,2023,4,4,2023-04-04,IL,1,0,41.48,-90.58,8
450,2023,4,4,2023-04-04,IL,1,0,41.48,-90.51,8
451,2023,4,4,2023-04-04,IL,2,0,41.48,-90.37,8
452,2023,4,4,2023-04-04,IL,2,0,41.43,-90.12,9
453,2023,4,4,2023-04-04,IA,1,100000,41.1986,-93.4558,17
454,2023,4,4,2023-04-04,IL,1,0,40.31,-90.6,17
455,2023,4,4,2023-04-04,IL,1,0,40.3631,-90.4329,18
457,2023,4,4,2023-04-04,IL,3,0,40.3308,-90.3233,18
459,2023,4,5,2023-04-05,MO,1,210000,36.954,-90.7,1
460,2023,4,5,2023-04-05,MO,2,2002000,37.25,-90.14,2
461,2023,4,5,2023-04-05,IL,0,0,41.21,-90.32,3
462,2023,4,5,2023-04-05,AR,0,0,35.967,-93.5241,4
464,2023,4,5,2023-04-05,WI,0,6000,42.5809,-88.395,5
465,2023,4,5,2023-04-05,TX,0,0,33.0124,-94.444,7
466,2023,4,5,2023-04-05,IN,0,50000,39.9578,-86.7053,9
467,2023,4,5,2023-04-05,KY,1,25000,36.99,-88.93,12
468,2023,4,5,2023-04-05,KY,0,100000,36.63,-88.38,13
469,2023,4,5,2023-04-05,IN,0,25000,37.97,-87.09,13
470,2023,4,5,2023-04-05,IN,1,0,38.108,-86.588,14
471,2023,4,5,2023-04-05,KY,1,0,37.9545,-86.1408,14
472,2023,4,5,2023-04-05,KY,1,0,38.1522,-85.8321,14
473,2023,4,5,2023-04-05,KY,1,0,38.1938,-85.7003,15
474,2023,4,5,2023-04-05,KY,1,0,38.1982,-85.6983,15
475,2023,4,5,2023-04-05,OH,0,250000,39.7618,-82.6479,15
476,2023,4,5,2023-04-05,OH,0,250000,39.8037,-82.5287,15
477,2023,4,12,2023-04-12,FL,0,0,26.0341,-80.1856,13
478,2023,4,12,2023-04-12,FL,0,50000,26.0551,-80.1323,19
479,2023,4,13,2023-04-13,GA,1,0,31.9419,-83.74,12
480,2023,4,13,2023-04-13,GA,0,0,32.3978,-83.3417,14
481,2023,4,15,2023-04-15,MO,2,2000000,38.11,-91.87,15
482,2023,4,15,2023-04-15,MO,1,0,38.532,-90.5,17
483,2023,4,15,2023-04-15,MO,0,0,38.234,-90.567,17
484,2023,4,15,2023-04-15,MO,1,0,38.236,-90.432,17
485,2023,4,15,2023-04-15,LA,1,30000,32.3226,-93.3372,17
486,2023,4,15,2023-04-15,MO,1,0,38.29,-90.407,17
487,2023,4,15,2023-04-15,IL,1,0,38.2116,-90.2623,17
488,2023,4,15,2023-04-15,IL,0,0,38.276,-90.329,17
490,2023,4,15,2023-04-15,IL,0,0,38.575,-90.069,17
492,2023,4,15,2023-04-15,IL,0,0,38.5195,-89.9928,18
493,2023,4,15,2023-04-15,IL,1,0,38.5195,-89.9871,18
495,2023,4,16,2023-04-16,FL,0,425000,27.8749,-80.504,15
496,2023,4,19,2023-04-19,OK,0,155000,35.373,-97.419,18
498,2023,4,19,2023-04-19,OK,1,30000,35.073,-97.698,18
499,2023,4,19,2023-04-19,OK,3,4000000,35.082,-97.634,18
500,2023,4,19,2023-04-19,OK,1,5000,35.094,-97.654,18
501,2023,4,19,2023-04-19,OK,1,30000,35.09,-97.54,18
502,2023,4,19,2023-04-19,OK,1,26000,35.058,-97.476,18
503,2023,4,19,2023-04-19,OK,1,4000,35.087,-97.46,18
505,2023,4,19,2023-04-19,KS,1,0,38.3203,-96.7362,19
507,2023,4,19,2023-04-19,KS,0,0,38.3376,-96.6803,19
508,2023,4,19,2023-04-19,KS,0,0,38.3524,-96.6733,19
509,2023,4,19,2023-04-19,KS,2,0,38.369,-96.6332,19
510,2023,4,19,2023-04-19,IA,0,0,40.8,-95.75,19
511,2023,4,19,2023-04-19,KS,1,0,38.37,-96.6,19
512,2023,4,19,2023-04-19,OK,1,10000,35.117,-97.276,19
513,2023,4,19,2023-04-19,KS,1,5000,38.367,-96.548,19
514,2023,4,19,2023-04-19,OK,2,500000,35.125,-97.261,19
515,2023,4,19,2023-04-19,KS,0,0,38.38,-96.58,19
516,2023,4,19,2023-04-19,OK,1,50000,35.133,-97.214,19
517,2023,4,19,2023-04-19,KS,0,20000,38.3872,-96.4687,19
518,2023,4,19,2023-04-19,OK,2,775000,35.159,-97.173,19
519,2023,4,19,2023-04-19,KS,2,0,38.46,-96.41,19
520,2023,4,19,2023-04-19,OK,3,50000,35.229,-97.111,20
521,2023,4,19,2023-04-19,OK,0,5000,35.238,-97.296,20
522,2023,4,19,2023-04-19,OK,2,105000,35.283,-97.103,20
523,2023,4,19,2023-04-19,OK,0,10000,35.255,-97.187,20
524,2023,4,19,2023-04-19,OK,1,50000,35.314,-97.017,20
525,2023,4,19,2023-04-19,OK,2,4000000,35.272,-97.0,20
526,2023,4,19,2023-04-19,OK,1,0,35.428,-96.792,21
527,2023,4,20,2023-04-20,KS,0,0,39.4134,-96.7649,1
528,2023,4,20,2023-04-20,IL,1,0,41.8,-89.93,14
529,2023,4,20,2023-04-20,TX,0,5000,32.3341,-95.2896,18
530,2023,4,20,2023-04-20,TX,0,250000,29.8528,-98.2662,21
531,2023,4,21,2023-04-21,FL,0,0,26.3239,-80.0743,7
532,2023,4,21,2023-04-21,FL,0,0,26.0215,-80.1144,10
533,2023,4,21,2023-04-21,AL,0,0,33.709,-87.719,18
534,2023,4,22,2023-04-22,NC,0,10000,35.532,-80.882,5
535,2023,4,22,2023-04-22,MD,0,30000,39.1355,-77.4009,11
536,2023,4,22,2023-04-22,MD,0,1025000,39.47,-76.44,13
537,2023,4,22,2023-04-22,PA,1,0,40.3554,-76.1971,14
538,2023,4,22,2023-04-22,NY,2,200000,41.8051,-74.9244,16
539,2023,4,22,2023-04-22,NC,1,0,34.944,-77.711,18
540,2023,4,22,2023-04-22,NC,0,0,34.9551,-77.6378,18
541,2023,4,22,2023-04-22,NC,1,0,35.0457,-77.449,18
542,2023,4,22,2023-04-22,NC,0,0,35.0934,-77.3693,18
550,2023,4,27,2023-04-27,FL,0,0,30.31,-85.13,13
551,2023,4,27,2023-04-27,FL,2,500000,30.3832,-84.8169,13
552,2023,4,27,2023-04-27,FL,1,200000,30.2485,-85.6647,14
553,2023,4,27,2023-04-27,FL,0,0,30.21,-85.22,14
554,2023,4,27,2023-04-27,FL,0,0,30.272,-84.637,15
555,2023,4,27,2023-04-27,GA,1,0,30.8596,-84.0252,16
556,2023,4,27,2023-04-27,FL,0,0,30.6255,-84.3921,16
557,2023,4,27,2023-04-27,GA,1,5000,30.9005,-83.9794,16
558,2023,4,27,2023-04-27,FL,1,0,30.395,-83.7363,16
559,2023,4,28,2023-04-28,TX,1,2000000,31.3821,-97.882,13
560,2023,4,28,2023-04-28,NC,0,5000,36.254,-80.8355,14
561,2023,4,28,2023-04-28,FL,0,50000,26.506,-80.08,17
562,2023,4,29,2023-04-29,FL,2,250000,26.8251,-80.0897,15
563,2023,4,30,2023-04-30,FL,1,50000,26.92,-81.63,4
564,2023,4,30,2023-04-30,VA,3,20000000,36.883,-76.086,15
565,2023,5,4,2023-05-04,CA,0,0,33.8755,-118.2652,9
566,2023,5,4,2023-05-04,CA,0,0,33.8811,-118.2153,9
567,2023,5,4,2023-05-04,TX,0,0,33.638,-98.019,18
568,2023,5,4,2023-05-04,KS,0,0,38.53,-100.3,20
569,2023,5,5,2023-05-05,NE,1,2000000,40.7321,-99.9006,21
570,2023,5,6,2023-05-06,LA,1,50000,30.1102,-92.4768,4
571,2023,5,6,2023-05-06,SD,0,0,44.96,-96.76,16
572,2023,5,6,2023-05-06,SD,0,0,45.06,-96.67,16
573,2023,5,6,2023-05-06,MN,0,15000,44.8185,-95.4746,16
577,2023,5,6,2023-05-06,MO,0,0,40.07,-93.62,18
578,2023,5,6,2023-05-06,MO,2,0,39.93,-93.31,19
579,2023,5,6,2023-05-06,MO,1,0,39.85,-93.04,19
580,2023,5,6,2023-05-06,SD,0,0,44.202,-103.012,20
581,2023,5,7,2023-05-07,IN,1,0,38.3234,-85.9919,6
582,2023,5,7,2023-05-07,IN,0,0,38.2919,-85.9541,6
583,2023,5,7,2023-05-07,IN,1,0,38.3433,-85.8179,6
584,2023,5,7,2023-05-07,IN,1,0,38.2462,-85.9028,6
585,2023,5,7,2023-05-07,IN,1,0,38.2169,-85.8699,6
586,2023,5,7,2023-05-07,IN,1,0,38.2169,-85.8699,6
587,2023,5,7,2023-05-07,KY,0,0,38.2131,-85.8663,6
588,2023,5,7,2023-05-07,KY,0,0,38.205,-85.2667,7
589,2023,5,7,2023-05-07,IA,1,0,41.59,-91.27,16
591,2023,5,7,2023-05-07,NC,0,100000,35.341,-82.415,17
596,2023,5,8,2023-05-08,TX,0,25000,30.2439,-94.3691,14
600,2023,5,9,2023-05-09,MN,0,0,43.8942,-95.1545,12
601,2023,5,9,2023-05-09,MT,0,2000,47.361,-114.055,17
604,2023,5,10,2023-05-10,CO,0,0,40.01,-103.41,17
605,2023,5,10,2023-05-10,CO,1,500000,40.0052,-103.4857,17
606,2023,5,10,2023-05-10,CO,0,0,40.16,-103.42,18
607,2023,5,10,2023-05-10,CO,0,0,40.2077,-103.244,18
608,2023,5,10,2023-05-10,CO,0,0,40.09,-103.35,18
609,2023,5,10,2023-05-10,CO,0,0,40.07,-103.33,18
610,2023,5,11,2023-05-11,LA,1,10000,32.4074,-93.8307,5
611,2023,5,11,2023-05-11,LA,1,50000,31.9418,-93.8942,6
612,2023,5,11,2023-05-11,LA,1,0,31.4826,-92.6146,7
613,2023,5,11,2023-05-11,LA,1,20000,32.638,-93.3815,7
614,2023,5,11,2023-05-11,LA,1,0,32.821,-92.077,9
615,2023,5,11,2023-05-11,AR,1,40000,33.1472,-91.8186,11
616,2023,5,11,2023-05-11,KS,1,0,39.59,-102.02,11
617,2023,5,11,2023-05-11,KS,1,0,39.59,-102.02,11
618,2023,5,11,2023-05-11,CO,1,0,39.618,-102.05,12
622,2023,5,11,2023-05-11,KS,0,0,38.78,-101.91,16
623,2023,5,11,2023-05-11,KS,0,0,38.83,-102.03,16
624,2023,5,11,2023-05-11,KS,1,0,38.858,-101.964,16
627,2023,5,11,2023-05-11,KS,0,0,39.02,-101.74,17
628,2023,5,11,2023-05-11,OK,0,0,35.013,-98.017,17
633,2023,5,11,2023-05-11,OK,0,4000,35.203,-97.675,18
634,2023,5,11,2023-05-11,OK,0,5000,35.211,-97.654,18
636,2023,5,11,2023-05-11,KS,0,0,37.56,-101.11,18
637,2023,5,11,2023-05-11,OK,0,0,34.995,-97.696,19
638,2023,5,11,2023-05-11,OK,0,0,35.028,-97.667,19
639,2023,5,11,2023-05-11,OK,1,100000,35.07,-97.601,19
640,2023,5,11,2023-05-11,OK,1,200000,35.142,-97.409,20
641,2023,5,11,2023-05-11,TX,1,0,32.733,-98.3358,20
642,2023,5,11,2023-05-11,OK,0,10000,35.179,-97.297,20
644,2023,5,11,2023-05-11,OK,0,0,35.129,-96.822,21
645,2023,5,12,2023-05-12,NE,1,0,41.62,-99.87,11
649,2023,5,12,2023-05-12,NE,1,300000,41.6075,-98.4044,13
650,2023,5,12,2023-05-12,NE,1,0,41.8299,-98.5221,14
653,2023,5,12,2023-05-12,NE,2,0,42.08,-98.7,14
655,2023,5,12,2023-05-12,NE,1,0,41.8527,-97.8754,15
657,2023,5,12,2023-05-12,NE,1,0,40.12,-96.14,15
658,2023,5,12,2023-05-12,NE,1,0,41.7689,-97.2567,15
659,2023,5,12,2023-05-12,NE,1,0,42.073,-97.5483,16
660,2023,5,12,2023-05-12,NE,2,0,41.4458,-96.6991,16
661,2023,5,12,2023-05-12,NE,1,0,41.7561,-97.2057,16
662,2023,5,12,2023-05-12,NE,1,0,41.9892,-97.2313,16
663,2023,5,12,2023-05-12,NE,1,0,41.91,-97.1,16
664,2023,5,12,2023-05-12,NE,0,0,41.5713,-96.6309,16
665,2023,5,12,2023-05-12,NE,2,0,41.6178,-96.5999,16
666,2023,5,12,2023-05-12,NE,1,0,41.7429,-96.5234,17
667,2023,5,12,2023-05-12,NE,0,0,42.1723,-97.0562,17
668,2023,5,12,2023-05-12,NE,2,0,41.7844,-96.5295,17
669,2023,5,12,2023-05-12,NE,0,0,42.3109,-97.0568,17
670,2023,5,12,2023-05-12,KS,2,0,39.94,-95.63,18
671,2023,5,12,2023-05-12,KS,1,0,39.49,-95.73,18
672,2023,5,12,2023-05-12,KS,0,0,40.0002,-95.56,18
673,2023,5,12,2023-05-12,KS,0,0,40.0002,-95.56,18
674,2023,5,12,2023-05-12,NE,0,0,40.0,-95.5623,18
679,2023,5,12,2023-05-12,OK,0,0,36.6595,-97.3355,19
680,2023,5,13,2023-05-13,TX,1,500000,26.0799,-97.2627,3
682,2023,5,13,2023-05-13,IA,0,1500,41.3818,-93.3371,12
687,2023,5,13,2023-05-13,OK,0,0,35.057,-97.979,14
689,2023,5,13,2023-05-13,IA,0,10000,41.348,-92.9993,14
690,2023,5,13,2023-05-13,IA,0,1000,41.3267,-92.9586,14
692,2023,5,13,2023-05-13,IA,0,0,42.6258,-94.9448,15
696,2023,5,13,2023-05-13,IA,0,20000,42.5523,-94.6392,17
699,2023,5,13,2023-05-13,IA,0,2000,41.3339,-93.2069,17
701,2023,5,15,2023-05-15,MO,0,100000,37.39,-93.14,14
702,2023,5,15,2023-05-15,TX,0,100000,28.6761,-99.1888,15
703,2023,5,16,2023-05-16,KY,1,1000,37.6659,-83.122,14
704,2023,5,16,2023-05-16,VA,1,0,36.74,-83.09,15
705,2023,5,16,2023-05-16,VA,1,0,36.72,-82.93,15
706,2023,5,16,2023-05-16,VA,1,0,36.7045,-82.7961,15
708,2023,5,18,2023-05-18,TX,0,20000,35.2786,-101.5409,21
709,2023,5,19,2023-05-19,OK,0,0,35.58,-98.328,11
711,2023,5,23,2023-05-23,TX,2,0,32.723,-99.789,20
712,2023,5,24,2023-05-24,NV,1,20000,40.89,-115.33,16
714,2023,5,24,2023-05-24,CO,0,0,38.56,-103.7,18
717,2023,5,25,2023-05-25,FL,0,50000,25.5877,-80.4336,11
718,2023,5,26,2023-05-26,ID,0,0,42.1,-113.4935,14
719,2023,5,26,2023-05-26,WA,0,0,47.1632,-119.4396,15
724,2023,5,26,2023-05-26,ID,0,0,43.71,-116.47,18
727,2023,5,27,2023-05-27,ID,0,0,42.94,-116.11,18
735,2023,5,30,2023-05-30,CO,0,0,38.1402,-102.79,16
739,2023,6,1,2023-06-01,SD,0,0,45.461,-97.04,13
744,2023,6,2,2023-06-02,TX,1,0,30.87,-102.66,12
748,2023,6,2,2023-06-02,NE,0,400000,41.16,-98.04,15
750,2023,6,3,2023-06-03,TX,0,0,35.1871,-101.8138,18
754,2023,6,6,2023-06-06,SD,0,0,45.099,-97.049,14
755,2023,6,6,2023-06-06,CO,0,0,40.18,-104.73,17
756,2023,6,7,2023-06-07,SD,0,0,44.908,-97.71,13
757,2023,6,7,2023-06-07,FL,1,0,28.2055,-80.6073,15
759,2023,6,9,2023-06-09,FL,0,0,29.94,-84.51,13
764,2023,6,11,2023-06-11,TN,1,500000,36.32,-84.96,15
765,2023,6,11,2023-06-11,TN,1,250000,35.98,-85.08,15
766,2023,6,11,2023-06-11,TN,1,0,36.3919,-84.6026,16
767,2023,6,11,2023-06-11,TN,1,150000,36.25,-84.96,16
768,2023,6,11,2023-06-11,OH,0,30000,39.9326,-84.176,17
769,2023,6,11,2023-06-11,OH,0,20000,40.0534,-84.0233,17
770,2023,6,11,2023-06-11,MS,1,50000,33.8572,-89.0784,20
772,2023,6,12,2023-06-12,PA,0,0,40.0839,-76.7746,11
777,2023,6,14,2023-06-14,GA,1,0,31.7663,-85.0031,9
778,2023,6,14,2023-06-14,AL,1,250000,31.5692,-85.2818,9
779,2023,6,14,2023-06-14,AL,1,0,31.856,-85.188,11
780,2023,6,14,2023-06-14,TX,2,2000000,33.244,-94.2162,11
781,2023,6,14,2023-06-14,GA,2,250000,31.357,-84.9454,12
782,2023,6,14,2023-06-14,GA,1,1000,31.397,-84.422,12
783,2023,6,14,2023-06-14,GA,0,0,31.74,-83.68,13
784,2023,6,14,2023-06-14,GA,1,50000,31.7995,-84.709,15
785,2023,6,14,2023-06-14,GA,1,50000,31.7892,-84.7104,15
786,2023,6,14,2023-06-14,GA,0,0,31.24,-83.14,16
787,2023,6,14,2023-06-14,GA,0,0,32.4125,-81.6346,17
788,2023,6,14,2023-06-14,GA,1,0,32.3572,-81.438,17
789,2023,6,15,2023-06-15,OK,0,10000,34.485,-98.54,15
790,2023,6,15,2023-06-15,TX,2,114000,36.1526,-100.9489,16
791,2023,6,15,2023-06-15,OH,2,176000,41.7296,-83.5426,16
792,2023,6,15,2023-06-15,TX,3,1000000,36.4135,-100.8302,16
793,2023,6,15,2023-06-15,MI,1,0,41.9351,-83.3316,16
794,2023,6,15,2023-06-15,OK,0,10000,34.42,-98.402,16
796,2023,6,15,2023-06-15,TX,0,0,36.1412,-100.9046,16
797,2023,6,15,2023-06-15,OH,0,5000,41.6864,-83.359,16
798,2023,6,15,2023-06-15,OK,0,0,34.416,-97.958,16
799,2023,6,15,2023-06-15,OK,1,30000,34.364,-97.99,16
800,2023,6,15,2023-06-15,OH,2,255000,41.4688,-83.1457,16
801,2023,6,15,2023-06-15,OH,1,15000,41.4494,-83.1558,16
803,2023,6,15,2023-06-15,OK,1,10000,34.353,-97.774,17
804,2023,6,15,2023-06-15,OK,2,250000,34.299,-97.653,17
805,2023,6,15,2023-06-15,OH,0,18000,41.3867,-82.922,17
806,2023,6,15,2023-06-15,TX,1,11000,36.076,-100.018,17
807,2023,6,15,2023-06-15,TX,0,1000,36.076,-100.018,17
808,2023,6,15,2023-06-15,OK,1,10000,36.064,-100.0,17
809,2023,6,15,2023-06-15,OH,0,10000,41.2845,-82.8514,17
810,2023,6,15,2023-06-15,FL,0,5000,29.6226,-84.9496,17
812,2023,6,15,2023-06-15,OH,2,270000,41.2172,-82.7036,17
813,2023,6,15,2023-06-15,OH,0,5000,41.1924,-82.7052,17
814,2023,6,15,2023-06-15,OH,0,5000,41.1163,-82.6608,18
815,2023,6,15,2023-06-15,OH,1,165000,41.1406,-82.6025,18
816,2023,6,15,2023-06-15,OH,1,60000,41.0656,-82.563,18
817,2023,6,15,2023-06-15,OK,0,0,33.95,-97.115,18
818,2023,6,15,2023-06-15,OH,0,70000,40.9343,-82.2738,18
819,2023,6,15,2023-06-15,TX,1,8000,33.756,-98.167,19
820,2023,6,15,2023-06-15,FL,2,0,30.4132,-87.2725,19
821,2023,6,15,2023-06-15,AL,0,0,30.6182,-87.7945,23
822,2023,6,15,2023-06-15,FL,0,0,30.175,-83.897,23
823,2023,6,16,2023-06-16,TX,1,100000,32.2559,-94.0744,0
824,2023,6,16,2023-06-16,TX,1,50000,32.2559,-94.0744,0
825,2023,6,16,2023-06-16,LA,1,50000,32.2458,-94.0428,0
826,2023,6,16,2023-06-16,FL,0,0,30.08,-83.88,0
827,2023,6,16,2023-06-16,FL,0,0,30.126,-84.044,1
828,2023,6,16,2023-06-16,FL,0,0,30.16,-83.88,1
829,2023,6,16,2023-06-16,FL,1,50000,30.0829,-83.594,1
830,2023,6,16,2023-06-16,MS,1,85000,32.2456,-90.9258,3
831,2023,6,16,2023-06-16,MS,1,25000,32.0928,-90.6178,3
832,2023,6,16,2023-06-16,AL,1,0,31.0131,-87.9669,7
833,2023,6,16,2023-06-16,PA,1,0,40.0273,-75.9052,9
834,2023,6,16,2023-06-16,NJ,0,0,39.9291,-74.6873,10
836,2023,6,16,2023-06-16,VA,0,25000,36.988,-76.648,14
837,2023,6,16,2023-06-16,CO,0,0,39.2,-103.27,16
838,2023,6,16,2023-06-16,AL,0,0,30.4897,-88.2385,23
839,2023,6,17,2023-06-17,CO,0,0,37.72,-104.45,13
840,2023,6,17,2023-06-17,AL,0,0,30.6037,-87.555,15
844,2023,6,17,2023-06-17,OK,1,42000,36.7631,-100.0189,18
846,2023,6,17,2023-06-17,OK,1,75000,36.392,-95.763,23
847,2023,6,17,2023-06-17,OK,1,10000,36.518,-95.565,23
848,2023,6,18,2023-06-18,OK,1,0,36.391,-95.17,0
849,2023,6,18,2023-06-18,AR,2,0,35.3259,-93.552,0
850,2023,6,18,2023-06-18,AR,0,0,35.0855,-92.5485,1
851,2023,6,18,2023-06-18,FL,0,5000,26.6086,-82.1149,9
852,2023,6,18,2023-06-18,MS,1,75000,32.0609,-88.6577,9
853,2023,6,18,2023-06-18,OR,0,0,44.3005,-123.0673,14
854,2023,6,18,2023-06-18,AR,1,0,36.2184,-91.0453,15
855,2023,6,18,2023-06-18,MS,0,15000,32.7065,-89.9481,18
856,2023,6,18,2023-06-18,MS,1,500000,32.4296,-90.1404,18
857,2023,6,18,2023-06-18,MS,1,10000,32.4526,-89.6347,19
858,2023,6,18,2023-06-18,AR,2,2000000,33.2599,-92.4481,19
859,2023,6,18,2023-06-18,MS,1,25000,32.3554,-89.9352,19
860,2023,6,18,2023-06-18,MS,0,1000,32.3565,-89.811,19
861,2023,6,18,2023-06-18,MS,2,200000,32.1226,-90.1315,20
862,2023,6,18,2023-06-18,MS,0,2000,32.118,-90.0116,20
863,2023,6,18,2023-06-18,MS,1,15000,32.2446,-89.7625,20
864,2023,6,18,2023-06-18,MS,0,2000,32.0835,-89.6099,21
865,2023,6,18,2023-06-18,MS,0,5000,32.0465,-89.563,21
866,2023,6,18,2023-06-18,MS,1,75000,32.0915,-89.4102,21
867,2023,6,18,2023-06-18,MS,1,25000,32.0856,-89.4027,21
868,2023,6,18,2023-06-18,MS,3,5000000,32.0179,-89.2884,22
869,2023,6,19,2023-06-19,MS,0,60000,31.2508,-89.8261,7
870,2023,6,19,2023-06-19,FL,1,25000,30.3868,-86.3288,10
871,2023,6,19,2023-06-19,AL,1,0,30.341,-87.791,12
872,2023,6,19,2023-06-19,MS,2,773000,30.42,-88.57,13
873,2023,6,20,2023-06-20,LA,1,0,29.76,-90.28,15
882,2023,6,21,2023-06-21,CO,2,15000,40.0216,-103.202,16
890,2023,6,21,2023-06-21,CO,1,0,40.0422,-103.2456,16
905,2023,6,21,2023-06-21,CO,2,0,40.0926,-103.3588,17
906,2023,6,21,2023-06-21,CO,1,0,40.5737,-103.4509,17
909,2023,6,21,2023-06-21,CO,2,0,39.8654,-103.2302,18
913,2023,6,21,2023-06-21,TX,3,0,34.12,-100.85,18
914,2023,6,21,2023-06-21,SD,0,0,45.8581,-102.0424,19
919,2023,6,22,2023-06-22,NC,1,0,35.285,-77.586,11
920,2023,6,22,2023-06-22,TX,1,85000,35.7,-100.23,14
921,2023,6,22,2023-06-22,CO,1,0,39.5559,-105.0159,15
923,2023,6,22,2023-06-22,CO,0,0,38.95,-104.42,20
924,2023,6,23,2023-06-23,ID,0,0,42.6424,-111.72,12
926,2023,6,23,2023-06-23,WY,1,100000,43.2997,-106.3486,14
931,2023,6,23,2023-06-23,CO,3,0,37.89,-102.38,17
932,2023,6,23,2023-06-23,WY,2,0,43.4986,-105.3563,17
934,2023,6,23,2023-06-23,WY,2,100000,41.7762,-104.2608,18
935,2023,6,23,2023-06-23,CO,1,0,37.03,-102.33,18
936,2023,6,23,2023-06-23,WY,1,0,41.78,-104.14,18
937,2023,6,23,2023-06-23,WY,0,0,43.565,-105.082,18
940,2023,6,23,2023-06-23,NE,2,135000,41.82,-103.63,19
941,2023,6,23,2023-06-23,KS,0,0,37.67,-101.75,19
942,2023,6,23,2023-06-23,NE,1,0,41.81,-103.62,19
945,2023,6,23,2023-06-23,KS,0,0,37.64,-101.56,20
946,2023,6,23,2023-06-23,KS,0,0,37.62,-101.49,20
953,2023,6,24,2023-06-24,MN,0,0,47.49,-96.73,15
954,2023,6,24,2023-06-24,MN,0,0,47.41,-96.6,15
955,2023,6,24,2023-06-24,MN,2,56000,47.25,-95.94,15
959,2023,6,24,2023-06-24,IA,0,0,41.6,-90.71,21
960,2023,6,24,2023-06-24,IA,0,10000,42.7772,-94.6547,22
961,2023,6,25,2023-06-25,IN,2,1200000,39.5692,-86.221,14
962,2023,6,25,2023-06-25,IN,1,400000,38.887,-86.958,14
963,2023,6,25,2023-06-25,IN,1,450000,39.0287,-86.6745,14
964,2023,6,25,2023-06-25,IN,2,1150000,38.585,-86.8666,14
965,2023,6,25,2023-06-25,AR,1,0,35.4178,-93.0723,15
967,2023,6,25,2023-06-25,KY,2,0,37.682,-86.0133,20
968,2023,6,25,2023-06-25,KY,1,0,36.9757,-85.0861,22
969,2023,6,26,2023-06-26,PA,0,0,40.7904,-75.1453,12
970,2023,6,26,2023-06-26,NJ,1,0,40.7109,-74.5804,13
971,2023,6,26,2023-06-26,WY,1,0,41.411,-104.339,18
972,2023,6,26,2023-06-26,WY,1,0,41.365,-104.28,18
973,2023,6,26,2023-06-26,WY,0,0,41.316,-104.061,19
974,2023,6,26,2023-06-26,NE,1,0,41.194,-103.758,20
976,2023,6,27,2023-06-27,OR,0,0,43.5743,-119.3324,14
977,2023,6,27,2023-06-27,OR,0,0,45.9775,-118.2793,17
979,2023,6,28,2023-06-28,NE,0,0,41.087,-103.778,18
982,2023,6,29,2023-06-29,MO,1,0,40.41,-91.79,9
983,2023,6,29,2023-06-29,IL,2,0,39.7195,-89.7715,11
984,2023,6,29,2023-06-29,IL,1,0,40.1672,-89.3796,11
986,2023,6,29,2023-06-29,IL,1,0,39.6141,-89.4251,11
987,2023,6,29,2023-06-29,IL,1,0,39.7486,-89.2669,11
988,2023,6,29,2023-06-29,IL,1,0,40.2107,-89.1755,11
989,2023,6,29,2023-06-29,IL,1,0,39.5987,-89.2973,11
995,2023,6,30,2023-06-30,CO,0,0,38.77,-105.32,17
996,2023,7,1,2023-07-01,OH,0,0,41.32,-84.5527,15
997,2023,7,1,2023-07-01,KY,1,245000,36.825,-88.657,17
998,2023,7,2,2023-07-02,PA,1,0,40.906,-77.6647,13
999,2023,7,2,2023-07-02,PA,0,0,40.5597,-76.9713,13
1000,2023,7,2,2023-07-02,PA,1,15000,40.9025,-77.132,13
1001,2023,7,2,2023-07-02,KY,1,0,38.012,-85.001,13
1002,2023,7,2,2023-07-02,PA,1,40000,40.9334,-77.0682,13
1003,2023,7,2,2023-07-02,PA,1,0,40.9921,-76.8825,14
1004,2023,7,2,2023-07-02,PA,0,25000,41.7825,-75.7165,17
1005,2023,7,2,2023-07-02,PA,0,15000,41.4524,-75.6269,17
1006,2023,7,2,2023-07-02,KY,1,0,37.3809,-84.9794,17
1007,2023,7,3,2023-07-03,NC,0,75000,35.89,-76.84,13
1008,2023,7,3,2023-07-03,SD,0,0,43.012,-97.685,15
1013,2023,7,7,2023-07-07,OK,1,0,36.362,-99.407,3
1019,2023,7,9,2023-07-09,DE,1,0,39.5035,-75.6689,14
1020,2023,7,10,2023-07-10,WA,0,0,47.7504,-118.7593,16
1021,2023,7,10,2023-07-10,LA,0,5000,30.3022,-93.0859,17
1023,2023,7,12,2023-07-12,AR,1,15000,33.3508,-93.4919,2
1024,2023,7,12,2023-07-12,NE,1,0,41.727,-97.013,4
1025,2023,7,12,2023-07-12,NE,1,0,42.0181,-96.5776,4
1026,2023,7,12,2023-07-12,NE,0,0,41.813,-96.27,4
1027,2023,7,12,2023-07-12,IA,2,0,41.592,-95.776,5
1028,2023,7,12,2023-07-12,IA,1,0,41.669,-95.495,5
1029,2023,7,12,2023-07-12,IA,1,0,41.43,-95.358,5
1030,2023,7,12,2023-07-12,IA,0,0,41.5,-95.29,5
1031,2023,7,12,2023-07-12,IA,0,0,41.4798,-95.1291,5
1032,2023,7,12,2023-07-12,IA,0,5000,41.4505,-95.0915,5
1033,2023,7,12,2023-07-12,IL,0,0,42.3274,-88.9398,16
1034,2023,7,12,2023-07-12,IL,0,0,41.6926,-88.3334,16
1035,2023,7,12,2023-07-12,IL,1,0,42.1544,-88.5188,17
1036,2023,7,12,2023-07-12,IL,1,0,41.7474,-87.9281,17
1037,2023,7,12,2023-07-12,IL,1,0,42.0112,-88.4476,17
1038,2023,7,12,2023-07-12,IL,0,0,41.9873,-88.4125,17
1039,2023,7,12,2023-07-12,IL,0,0,42.1691,-88.2051,17
1040,2023,7,12,2023-07-12,IL,0,0,42.0122,-88.1538,17
1041,2023,7,12,2023-07-12,IL,0,0,42.0139,-88.1209,17
1042,2023,7,12,2023-07-12,IL,0,0,41.9271,-88.1409,17
1043,2023,7,12,2023-07-12,IL,0,0,42.1867,-88.0123,17
1044,2023,7,12,2023-07-12,IL,0,0,41.9823,-87.9998,17
1045,2023,7,12,2023-07-12,IL,0,0,42.0078,-87.9041,18
1046,2023,7,12,2023-07-12,MI,1,50000,41.9527,-85.3099,21
1048,2023,7,13,2023-07-13,VT,0,50000,43.7316,-73.3608,16
1049,2023,7,13,2023-07-13,WI,0,0,42.6503,-88.8813,17
1050,2023,7,13,2023-07-13,CO,0,0,37.18,-102.78,19
1051,2023,7,13,2023-07-13,CO,0,0,37.09,-102.59,19
1052,2023,7,14,2023-07-14,AR,1,100000,35.064,-94.259,3
1053,2023,7,14,2023-07-14,MI,0,0,43.35,-82.601,13
1054,2023,7,14,2023-07-14,IL,0,0,41.8167,-88.217,19
1056,2023,7,16,2023-07-16,MA,0,7000,42.248,-72.072,8
1057,2023,7,16,2023-07-16,PR,1,0,18.3677,-67.2,13
1058,2023,7,16,2023-07-16,KS,0,0,38.8,-98.66,16
1059,2023,7,17,2023-07-17,GA,0,0,30.7241,-81.5438,14
1060,2023,7,17,2023-07-17,KS,0,0,37.86,-99.47,15
1061,2023,7,17,2023-07-17,AZ,0,0,34.62,-112.38,18
1062,2023,7,18,2023-07-18,KY,1,15000,37.0291,-89.0718,11
1063,2023,7,18,2023-07-18,KY,1,75000,36.9757,-87.8656,13
1064,2023,7,18,2023-07-18,AL,0,0,34.81,-86.71,16
1066,2023,7,18,2023-07-18,KY,0,0,37.5782,-85.1807,16
1067,2023,7,18,2023-07-18,SD,0,0,44.21,-100.38,17
1068,2023,7,19,2023-07-19,NC,3,300250000,36.0009,-77.8778,10
1070,2023,7,20,2023-07-20,CO,1,0,38.9133,-105.0565,14
1071,2023,7,20,2023-07-20,GA,0,0,34.4937,-84.6056,15
1072,2023,7,20,2023-07-20,GA,1,0,34.461,-84.3531,15
1073,2023,7,21,2023-07-21,AL,1,0,34.6763,-86.5016,16
1074,2023,7,22,2023-07-22,FL,0,0,29.01,-80.88,14
1076,2023,7,24,2023-07-24,MO,2,400000,36.9357,-89.4861,13
1077,2023,7,25,2023-07-25,SD,0,0,44.26,-98.81,19
1078,2023,7,25,2023-07-25,NE,0,0,42.0,-99.69,20
1079,2023,7,25,2023-07-25,MN,0,0,45.3009,-94.9739,22
1080,2023,7,26,2023-07-26,MI,0,100000,42.415,-84.252,12
1081,2023,7,26,2023-07-26,MI,0,150000,42.418,-84.168,12
1082,2023,7,27,2023-07-27,NH,1,0,42.91,-72.31,12
1083,2023,7,27,2023-07-27,WI,0,0,45.7084,-89.002,18
1084,2023,7,28,2023-07-28,IA,1,60000,42.6152,-93.4096,16
1085,2023,7,28,2023-07-28,IA,1,70000,42.6067,-93.349,16
1086,2023,7,28,2023-07-28,IA,0,0,41.85,-90.19,20
1087,2023,7,28,2023-07-28,IA,0,0,41.85,-90.19,20
1088,2023,7,28,2023-07-28,IL,0,0,41.8495,-90.1778,20
1090,2023,7,28,2023-07-28,WI,1,0,42.885,-88.558,21
1091,2023,7,28,2023-07-28,IL,0,0,41.641,-88.6109,21
1092,2023,7,28,2023-07-28,IL,0,0,41.4899,-88.5709,21
1093,2023,7,28,2023-07-28,IL,0,0,41.4781,-88.4201,21
1094,2023,7,28,2023-07-28,IL,1,0,41.481,-88.2825,21
1095,2023,7,28,2023-07-28,IL,0,0,41.4579,-88.2678,21
1096,2023,7,28,2023-07-28,IL,0,0,41.3636,-88.1732,21
1097,2023,7,28,2023-07-28,IL,0,0,41.3567,-88.0373,22
1098,2023,7,28,2023-07-28,IL,0,0,41.1559,-87.9455,22
1100,2023,7,28,2023-07-28,IL,1,0,41.1551,-87.7224,22
1101,2023,7,28,2023-07-28,IN,0,0,40.9442,-87.4886,22
1102,2023,7,28,2023-07-28,IN,0,0,40.9294,-87.4194,22
1103,2023,7,29,2023-07-29,IN,0,0,40.6702,-86.2114,0
1104,2023,7,29,2023-07-29,IN,0,60000,41.18,-85.32,0
1105,2023,7,29,2023-07-29,OH,1,55000,41.3266,-84.794,0
1106,2023,7,29,2023-07-29,OH,1,230000,40.8036,-82.9023,2
1107,2023,7,29,2023-07-29,NE,1,750000,40.6125,-97.8657,5
1108,2023,7,29,2023-07-29,NE,1,0,40.6358,-96.7625,7
1110,2023,7,29,2023-07-29,MA,1,5000,42.0538,-71.1918,18
1113,2023,8,3,2023-08-03,TN,1,0,35.8367,-84.3675,12
1114,2023,8,3,2023-08-03,GA,0,0,34.331,-83.182,13
1115,2023,8,3,2023-08-03,SC,0,1000,34.822,-82.76,14
1116,2023,8,3,2023-08-03,SC,0,2000,34.882,-82.734,15
1117,2023,8,4,2023-08-04,MO,0,0,39.4059,-93.9435,16
1118,2023,8,4,2023-08-04,MO,0,0,39.1972,-93.3529,18
1119,2023,8,4,2023-08-04,MO,2,0,40.2408,-92.1957,22
1120,2023,8,5,2023-08-05,IL,1,0,40.1099,-91.3759,1
1121,2023,8,5,2023-08-05,IA,0,0,42.993,-96.21,13
1124,2023,8,5,2023-08-05,IL,0,0,37.6556,-89.4677,16
1128,2023,8,5,2023-08-05,IA,0,50000,42.2139,-94.8951,20
1130,2023,8,6,2023-08-06,MT,0,0,44.677,-112.411,14
1133,2023,8,6,2023-08-06,IL,2,0,39.6341,-89.5702,17
1134,2023,8,6,2023-08-06,IN,1,0,38.4896,-86.9426,22
1135,2023,8,6,2023-08-06,IN,1,0,38.5429,-86.6233,22
1136,2023,8,6,2023-08-06,IN,0,0,38.5345,-86.4598,22
1137,2023,8,6,2023-08-06,IN,1,0,38.5636,-86.4807,22
1138,2023,8,6,2023-08-06,IN,1,0,38.5577,-86.4863,22
1139,2023,8,6,2023-08-06,IN,1,0,38.5957,-86.1412,23
1140,2023,8,7,2023-08-07,TN,2,3700000,35.9308,-84.158,12
1141,2023,8,7,2023-08-07,NC,1,0,36.036,-82.402,12
1142,2023,8,7,2023-08-07,KY,1,23000,38.1331,-82.6784,13
1143,2023,8,7,2023-08-07,KY,1,20000,38.1331,-82.6784,13
1144,2023,8,7,2023-08-07,WV,1,3000,38.136,-82.6302,13
1145,2023,8,7,2023-08-07,NC,1,100000,35.7,-81.17,14
1146,2023,8,7,2023-08-07,PA,1,25000,39.7225,-76.8603,15
1147,2023,8,7,2023-08-07,NC,0,20000,35.41,-80.93,15
1148,2023,8,7,2023-08-07,NY,0,5000,42.4437,-76.2688,15
1149,2023,8,7,2023-08-07,NY,1,15000,42.462,-76.2568,15
1150,2023,8,7,2023-08-07,PA,1,10000,39.8181,-76.554,15
1152,2023,8,7,2023-08-07,PA,0,0,39.8806,-76.2673,15
1153,2023,8,7,2023-08-07,PA,1,5000,41.9795,-75.5018,16
1154,2023,8,7,2023-08-07,NY,1,15000,41.9992,-75.4959,16
1155,2023,8,7,2023-08-07,NY,0,10000,42.94,-75.58,16
1156,2023,8,7,2023-08-07,NY,1,10000,43.0562,-75.4648,17
1157,2023,8,7,2023-08-07,NY,1,25000,43.33,-75.59,17
1158,2023,8,7,2023-08-07,PA,1,0,40.63,-75.4246,17
1160,2023,8,7,2023-08-07,NJ,0,0,40.5748,-75.1567,17
1161,2023,8,7,2023-08-07,NY,3,1500000,43.46,-75.51,17
1162,2023,8,8,2023-08-08,MA,1,10000,41.6808,-70.8477,9
1163,2023,8,8,2023-08-08,MA,0,2000,41.6751,-70.3917,9
1164,2023,8,8,2023-08-08,AZ,0,0,36.02,-111.39,13
1166,2023,8,8,2023-08-08,CO,3,1000000,40.1455,-102.9141,16
1168,2023,8,8,2023-08-08,CO,0,0,40.1765,-102.9287,17
1170,2023,8,8,2023-08-08,CO,0,0,39.9045,-102.716,18
1174,2023,8,8,2023-08-08,CO,2,30000,39.6139,-102.3955,19
1176,2023,8,9,2023-08-09,PR,0,40000,18.4513,-67.0931,11
1177,2023,8,9,2023-08-09,KY,0,150000,38.4464,-83.6408,22
1178,2023,8,10,2023-08-10,AL,0,0,34.7805,-87.2416,1
1179,2023,8,10,2023-08-10,NJ,1,0,39.7777,-75.2698,12
1180,2023,8,10,2023-08-10,NJ,1,0,39.9736,-74.5263,13
1182,2023,8,10,2023-08-10,SD,0,0,44.6371,-97.5324,18
1184,2023,8,11,2023-08-11,MI,1,1000000,42.828,-84.268,17
1185,2023,8,11,2023-08-11,MO,0,0,40.03,-93.0,22
1186,2023,8,12,2023-08-12,MO,0,0,39.1014,-91.5007,2
1187,2023,8,12,2023-08-12,KY,1,60000,36.5677,-89.1967,7
1188,2023,8,12,2023-08-12,KY,1,100000,36.5562,-88.8729,8
1189,2023,8,12,2023-08-12,OH,1,250000,40.64,-83.61,10
1190,2023,8,12,2023-08-12,TN,0,100000,35.9341,-86.8527,10
1191,2023,8,12,2023-08-12,OH,1,23000,40.6415,-83.3633,11
1192,2023,8,12,2023-08-12,PA,0,5000,41.879,-79.7884,11
1193,2023,8,12,2023-08-12,OH,0,0,40.5886,-82.0918,13
1194,2023,8,12,2023-08-12,PA,1,100000,41.02,-76.18,14
1195,2023,8,12,2023-08-12,NY,0,15000,41.97,-75.18,16
1196,2023,8,12,2023-08-12,OH,1,10000,39.2883,-82.0671,17
1197,2023,8,12,2023-08-12,PA,1,350000,40.1,-80.37,18
1198,2023,8,12,2023-08-12,OH,1,300000,40.11,-80.94,18
1199,2023,8,12,2023-08-12,PA,1,0,40.5516,-78.8199,18
1200,2023,8,12,2023-08-12,PA,0,10000,40.5317,-78.7583,18
1201,2023,8,12,2023-08-12,CT,0,0,41.51,-73.33,19
1202,2023,8,13,2023-08-13,IL,0,0,38.167,-90.057,16
1203,2023,8,13,2023-08-13,MN,0,10000,43.818,-95.505,18
1204,2023,8,13,2023-08-13,AZ,0,0,32.3209,-111.3535,19
1207,2023,8,14,2023-08-14,IN,0,70000,39.4758,-84.9611,16
1208,2023,8,14,2023-08-14,OH,0,3000,39.4457,-84.4612,17
1209,2023,8,14,2023-08-14,NC,1,5000,36.233,-81.955,22
1212,2023,8,16,2023-08-16,FL,0,0,24.5471,-81.7867,7
1213,2023,8,18,2023-08-18,CT,1,30000,41.6914,-72.1191,5
1214,2023,8,18,2023-08-18,RI,2,250000,41.7987,-71.5741,6
1215,2023,8,18,2023-08-18,MA,1,30000,41.9418,-71.3813,7
1216,2023,8,18,2023-08-18,MA,0,3000,42.1146,-71.073,7
1217,2023,8,18,2023-08-18,MA,1,10000,42.1775,-70.9511,7
1218,2023,8,22,2023-08-22,TX,0,5000,28.25,-98.1,10
1219,2023,8,22,2023-08-22,TX,0,1000,28.0055,-97.9344,10
1222,2023,8,24,2023-08-24,FL,0,100000,26.1455,-81.7563,14
1223,2023,8,24,2023-08-24,MI,1,10000000,43.0642,-85.7414,18
1224,2023,8,24,2023-08-24,MI,2,75070000,42.6535,-84.3131,19
1225,2023,8,24,2023-08-24,MI,0,100000,42.2968,-83.5003,20
1226,2023,8,24,2023-08-24,MI,1,60000,42.1983,-83.5074,20
1227,2023,8,24,2023-08-24,MI,1,1000000,42.0086,-83.3638,20
1228,2023,8,24,2023-08-24,MI,1,350000,42.0661,-83.2927,20
1229,2023,8,24,2023-08-24,MI,1,50000,42.0902,-83.2098,20
1230,2023,8,24,2023-08-24,OH,1,35000,41.5018,-83.2995,21
1231,2023,8,24,2023-08-24,OH,1,30000,41.3952,-82.4364,21
1232,2023,8,24,2023-08-24,OH,1,165000,41.5057,-81.6394,21
1233,2023,8,24,2023-08-24,OH,0,50000,41.279,-82.121,22
1234,2023,8,24,2023-08-24,OH,0,40000,41.1761,-82.2234,22
1235,2023,8,24,2023-08-24,OH,1,200000,41.654,-81.3742,22
1236,2023,8,24,2023-08-24,OH,2,300000,41.4285,-81.5144,22
1237,2023,8,24,2023-08-24,OH,1,20000,41.1104,-82.1402,22
1238,2023,8,24,2023-08-24,OH,1,85000,41.3731,-81.3581,22
1239,2023,8,24,2023-08-24,OH,1,50000,41.5602,-81.1791,22
1240,2023,8,24,2023-08-24,OH,2,65000,41.4897,-81.0887,22
1241,2023,8,24,2023-08-24,OH,0,35000,41.373,-80.8484,22
1242,2023,8,25,2023-08-25,PA,1,150000,40.0132,-79.6077,0
1243,2023,8,25,2023-08-25,PA,2,850000,39.9574,-79.4664,0
1244,2023,8,26,2023-08-26,IL,0,0,40.4694,-90.3946,13
1246,2023,8,30,2023-08-30,GA,0,0,31.1229,-81.5535,5
1247,2023,8,30,2023-08-30,GA,1,0,31.1505,-81.4935,5
1248,2023,8,30,2023-08-30,GA,1,0,31.1547,-81.4066,6
1249,2023,8,30,2023-08-30,GA,0,0,31.9002,-81.4136,8
1250,2023,8,30,2023-08-30,SC,0,0,32.9873,-80.0406,10
1251,2023,8,30,2023-08-30,SC,1,0,33.9047,-79.983,12
1252,2023,8,30,2023-08-30,SC,0,0,32.8782,-79.7582,13
1253,2023,8,30,2023-08-30,SC,1,0,33.1056,-79.7617,14
1254,2023,8,30,2023-08-30,NC,0,0,33.9432,-78.0771,16
1255,2023,8,30,2023-08-30,NC,0,50000,33.9601,-78.0811,16
1256,2023,8,30,2023-08-30,NC,1,0,34.1408,-77.9647,17
1257,2023,8,30,2023-08-30,NC,1,0,34.0891,-77.8835,17
1258,2023,8,30,2023-08-30,SC,0,0,33.8369,-78.611,20
1259,2023,9,2,2023-09-02,LA,0,21500,29.97,-90.25,10
1260,2023,9,9,2023-09-09,AZ,0,0,34.74,-112.45,15
1261,2023,9,11,2023-09-11,DE,0,0,38.5741,-75.2194,12
1262,2023,9,11,2023-09-11,FL,0,75000,29.85,-81.5,16
1263,2023,9,13,2023-09-13,CT,1,6000,41.8109,-71.8178,14
1264,2023,9,13,2023-09-13,RI,1,20000,41.8586,-71.6736,14
1265,2023,9,13,2023-09-13,RI,1,15000,41.9256,-71.4798,15
1266,2023,9,13,2023-09-13,MA,0,5000,41.9793,-71.3579,15
1268,2023,9,19,2023-09-19,KS,0,0,38.4589,-99.3959,17
1271,2023,9,23,2023-09-23,NC,0,0,36.33,-76.53,5
1277,2023,9,23,2023-09-23,SD,0,0,44.66,-96.83,15
1280,2023,9,25,2023-09-25,TX,0,200000,29.0,-96.65,19
1282,2023,9,26,2023-09-26,FL,0,0,30.043,-81.7768,14
1283,2023,9,26,2023-09-26,FL,0,0,29.99,-81.66,15
1284,2023,9,28,2023-09-28,OH,0,1000,40.0632,-83.243,13
1285,2023,9,29,2023-09-29,MN,0,0,45.1051,-93.8302,18
1286,2023,10,1,2023-10-01,NM,0,100000,35.79,-105.27,18
1287,2023,10,3,2023-10-03,NE,0,225000,40.7549,-99.496,14
1288,2023,10,3,2023-10-03,KS,1,50000,39.9875,-99.9263,15
1289,2023,10,3,2023-10-03,NE,0,15000,41.0911,-98.9952,15
1290,2023,10,3,2023-10-03,NE,0,1000,41.1196,-98.8308,15
1291,2023,10,3,2023-10-03,NE,1,0,41.91,-97.05,18
1292,2023,10,11,2023-10-11,WA,0,0,45.8755,-122.6892,16
1293,2023,10,11,2023-10-11,FL,0,10000,27.2661,-82.3829,20
1294,2023,10,11,2023-10-11,FL,0,50000,28.0319,-82.6725,22
1295,2023,10,11,2023-10-11,FL,2,500000,28.003,-82.8285,23
1296,2023,10,12,2023-10-12,FL,2,350000,28.8464,-82.6108,0
1297,2023,10,12,2023-10-12,FL,0,2000,28.1865,-82.6175,0
1298,2023,10,12,2023-10-12,FL,0,0,29.4674,-81.3391,2
1299,2023,10,12,2023-10-12,FL,2,0,29.5678,-81.2512,2
1300,2023,10,12,2023-10-12,FL,0,5000,27.9163,-82.8303,9
1301,2023,10,12,2023-10-12,NE,0,90000,40.5706,-99.5794,13
1304,2023,10,12,2023-10-12,NE,1,227000,40.3196,-99.0061,14
1305,2023,10,12,2023-10-12,NE,0,0,40.6672,-98.5528,15
1308,2023,10,13,2023-10-13,IA,0,1000,41.6785,-93.0129,15
1309,2023,10,13,2023-10-13,IL,1,0,39.9548,-90.6636,17
1310,2023,10,25,2023-10-25,OK,0,0,34.58,-97.206,15
1311,2023,10,25,2023-10-25,OK,0,0,35.381,-96.791,17
1312,2023,10,26,2023-10-26,TX,0,0,29.2796,-97.9853,5
1313,2023,10,26,2023-10-26,TX,0,0,29.4195,-98.4692,7
1314,2023,10,26,2023-10-26,TX,0,0,29.9595,-97.7086,7
1315,2023,10,26,2023-10-26,TX,0,0,29.5774,-98.2526,7
1316,2023,10,26,2023-10-26,TX,0,0,29.8448,-98.1193,8
1318,2023,11,5,2023-11-05,OR,0,0,44.3983,-118.9123,14
1319,2023,11,15,2023-11-15,FL,0,1500,24.6918,-81.3726,5
1320,2023,11,19,2023-11-19,AZ,1,0,34.251,-111.272,10
1321,2023,11,20,2023-11-20,LA,1,100000,31.4099,-93.0282,14
1322,2023,11,20,2023-11-20,LA,0,0,31.1047,-92.8845,17
1323,2023,11,20,2023-11-20,LA,0,0,31.1975,-92.5551,17
1324,2023,11,20,2023-11-20,MS,1,60000,32.604,-89.94,18
1325,2023,11,20,2023-11-20,MS,1,300000,31.681,-90.35,18
1326,2023,11,20,2023-11-20,MS,0,1000,32.694,-89.6708,18
1327,2023,11,20,2023-11-20,MS,0,20000,31.8603,-90.0208,18
1328,2023,11,20,2023-11-20,LA,1,150000,31.1316,-92.0673,18
1329,2023,11,20,2023-11-20,LA,1,250000,30.9897,-92.0419,19
1330,2023,11,20,2023-11-20,LA,1,40000,31.18,-91.72,19
1331,2023,11,20,2023-11-20,MS,0,5000,31.8869,-89.7847,19
1332,2023,11,20,2023-11-20,MS,1,500000,31.939,-89.4845,20
1333,2023,11,20,2023-11-20,MS,1,50000,31.3862,-90.7459,21
1334,2023,11,21,2023-11-21,AL,1,100000,31.1177,-85.7616,17
1335,2023,11,21,2023-11-21,SC,0,0,34.609,-81.38,19
1336,2023,12,1,2023-12-01,MS,0,4000,30.833,-89.5209,6
1337,2023,12,9,2023-12-09,TN,1,1250000,36.1175,-89.0601,11
1338,2023,12,9,2023-12-09,TN,1,550000,36.4931,-87.7453,13
1339,2023,12,9,2023-12-09,TN,3,20750000,36.5746,-87.4718,13
1340,2023,12,9,2023-12-09,TN,3,20000000,36.5746,-87.4718,13
1341,2023,12,9,2023-12-09,KY,2,750000,36.64,-87.28,13
1342,2023,12,9,2023-12-09,KY,1,0,36.924,-86.45,15
1343,2023,12,9,2023-12-09,TN,2,2000000,36.2793,-87.4138,15
1344,2023,12,9,2023-12-09,TN,2,2450000,36.1601,-87.2335,16
1345,2023,12,9,2023-12-09,TN,2,10000000,36.4689,-86.9078,16
1346,2023,12,9,2023-12-09,TN,2,20200000,36.255,-86.7852,16
1347,2023,12,9,2023-12-09,TN,1,50000,36.6169,-85.723,18
1348,2023,12,9,2023-12-09,TN,1,50000,36.6169,-85.723,18
1349,2023,12,9,2023-12-09,KY,1,0,36.62,-85.718,18
1350,2023,12,9,2023-12-09,MS,0,30000,32.0455,-89.9858,21
1351,2023,12,9,2023-12-09,MS,0,20000,32.0238,-89.619,21
1352,2023,12,9,2023-12-09,MS,1,25000,32.2123,-89.2779,22
1353,2023,12,10,2023-12-10,AL,1,5000000,33.4434,-86.837,0
1354,2023,12,10,2023-12-10,AL,1,0,33.4685,-86.7849,0
1355,2023,12,10,2023-12-10,AL,0,50000,31.6234,-85.442,1
1356,2023,12,10,2023-12-10,AL,0,0,32.4649,-85.4258,4
1357,2023,12,10,2023-12-10,FL,1,0,30.8054,-85.8331,5
1358,2023,12,10,2023-12-10,NC,1,0,35.694,-78.652,11
1359,2023,12,17,2023-12-17,SC,1,200000,33.6837,-78.9737,12
1360,2023,12,19,2023-12-19,CA,1,17000,39.8043,-121.8366,19
